name;sku;description;showOnFrontpage;category1;category2;category3;image;weight;price;price;recommended_price;quantity;enabled;shipping_freight;fixed_shipping_rate_only;upc;brand;seo_title;seo_description;product_url;product_id
Focus Izalco Donna 3.0 - MY13;612012252;"<h3>Rennrad in kleiner Rahmenhöhe XS.</h3><p>
	Der Preisvorteil macht das Rennrad zu einem Schnäppchen!
</p><p>[tab name=""Beschreibung""]</p><p>Die Izalco Donna ist für Frauen gedacht, die großen Wert auf Komfort legen, aber keine Kompromisse bei der Leistung machen wollen. Professionelle Rennfahrer sind sich einig, dass die Kontaktpunkte der Izalco Donna wie Sattel, Lenker, Kurbelhebel perfekt auf die weibliche Ergonomie zugeschnitten sind.
</p><p>[tab name=""Daten""]
</p><p>Speziell für Damen: der Izalco Ergoride Rahmen
</p><div>Shimano 105 Verschiebungsgruppe
</div><div>Fulcrum WH-CEX 6.5 Laufradsatz
</div><div>Focus CRF T4 Carbon
</div><table class=""ecwid-description-table"">
<tbody>
<tr>
	<td>Rahmen
	</td>
	<td>Izalco Ergoride Carbon
	</td>
</tr>
<tr>
	<td>Gabel
	</td>
	<td>Focus CRF T4 Carbon
	</td>
</tr>
<tr>
	<td>Innenlager
	</td>
	<td>PF30
	</td>
</tr>
<tr>
	<td>Bremsen
	</td>
	<td>Concept EX
	</td>
</tr>
<tr>
	<td>Kassette
	</td>
	<td>Shimano 105
	</td>
</tr>
<tr>
	<td>Kette
	</td>
	<td>Shimano 105
	</td>
</tr>
<tr>
	<td>Kettensatz
	</td>
	<td>FSA Energy Focus 50/34
	</td>
</tr>
<tr>
	<td>Umwerfer
	</td>
	<td>Shimano 105
	</td>
</tr>
<tr>
	<td>Lenker
	</td>
	<td>FSA Wing Comp
	</td>
</tr>
<tr>
	<td>Pedale
	</td>
	<td>N / A
	</td>
</tr>
<tr>
	<td>Schaltwerk
	</td>
	<td>Shimano 105
	</td>
</tr>
<tr>
	<td>Sattel
	</td>
	<td>Concept EX
	</td>
</tr>
<tr>
	<td>Sattelstütze
	</td>
	<td>Concept EX
	</td>
</tr>
<tr>
	<td>Schalthebel
	</td>
	<td>Shimano 105
	</td>
</tr>
<tr>
	<td>Vorbau
	</td>
	<td> Concept EX
	</td>
</tr>
<tr>
	<td>Reifen
	</td>
	<td>Schwalbe Lugano
	</td>
</tr>
<tr>
	<td>Räder
	</td>
	<td>Fulcrum WH-CEX 6.5
	</td>
</tr>
</tbody>
</table><p>[endtab]<br>
</p><p><span style=""font-size: 10px;"">Technische Änderungen und Irrtümer in Bild und Text vorbehalten.</span>
</p><p><br>
</p>";;Fahrrad / Rennrad;Fahrrad;;https://dqzrr9k4bjpzk.cloudfront.net/images/95115/897580630.jpg;9.00;990.0;825;1699.00;1;yes;0.00;no;;;;Rennrad in kleiner Rahmenhöhe XS. Die Izalco Donna ist für Frauen gedacht, die großen Wert auf Komfort legen, aber keine Kompromisse bei der Leistung machen wollen. Professionelle Rennfahrer sind sich einig, dass die Kontaktpunkte der Izalco Donna wie Sattel, Lenker,… Hol Dir jetzt dein passendes Fahrrad bei Zweirad Ginzinger in Ried.;https://www.shop.ginzinger.at/#!/Focus-Izalco-Donna-3-0-MY13/p/114659257;114659257
Kalkhoff ENDEAVOUR Move B9-MY18;628529274;"<h3>  Kalkhoff bietet die perfekte Auswahl und Qualität</h3><p>Die Endeavour Produktfamilie steht für Integration für alle. Drei Ausstattungspakete, drei Rahmenformen und drei Farben pro Modell lassen kaum einen Wunsch offen.
</p><p>[tab name=""Beschreibung""]<br>
</p><p>Modell 2018 Motor: Bosch Performance Cruise Akku: Integrierter Bosch PowerTube mit 500 Wh Display: Bosch Purion mit Schiebehilfe Schaltung: 9 Gang Shimano Alivio Laufrad: 28“ 2 Farben: limegreen matt und magicblack matt <br>
</p><p>[tab name=""Geometrie""]<br>Die Endeavour - Reihe bietet drei verschiedene Rahmenformen.
</p><p><img src=""https://s3.amazonaws.com/images.ecwid.com/images/wysiwyg/product/95115/114694223/15369145344521542726654/Rahmengeometrie_jpg"" ""="""">[tab name=""Daten""]
</p><table class=""color ecwid-description-table"">
<tbody>
<tr>
	<td>Farbe
	</td>
	<td>DI, TR, WA: limegreen matt, magicblack matt, magicblack/pacificblue glossy, torontogrey matt
	</td>
</tr>
<tr>
	<td>Größe
	</td>
	<td>DI: S/43, M/48, L/53, XL/58; TR: S/43, M/48, L/53; WA: S/43, M/48, L/53
	</td>
</tr>
<tr>
	<td>Motor
	</td>
	<td>Bosch Performance Cruise, 36 V / 250 W
	</td>
</tr>
<tr>
	<td>Display
	</td>
	<td>Bosch Purion, LCD Display mit Schiebehilfe
	</td>
</tr>
<tr>
	<td>Batterie
	</td>
	<td>Bosch PowerTube Li-Ionen 36 V, 13,4 Ah (500 Wh)
	</td>
</tr>
<tr>
	<td>Reichweite
	</td>
	<td>bis zu 150 km
	</td>
</tr>
<tr>
	<td>Ladegerät
	</td>
	<td>Bosch, 4A
	</td>
</tr>
<tr>
	<td>Schaltung
	</td>
	<td>9-G Shimano Alivio
	</td>
</tr>
<tr>
	<td>Schalthebel
	</td>
	<td>Shimano Acera M3000
	</td>
</tr>
<tr>
	<td>Tretlager
	</td>
	<td>Concept
	</td>
</tr>
<tr>
	<td>Zahnkranz
	</td>
	<td>Shimano HG200
	</td>
</tr>
<tr>
	<td>Bremsen
	</td>
	<td>Tektro T285, hydraulische Scheibenbremse
	</td>
</tr>
<tr>
	<td>Bremsscheiben
	</td>
	<td>vorne: 180 mm, hinten: 160 mm
	</td>
</tr>
<tr>
	<td>Scheinwerfer
	</td>
	<td>Herrmans H-Black MR8, LED
	</td>
</tr>
<tr>
	<td>Rücklicht
	</td>
	<td>AXA Blueline, LED
	</td>
</tr>
<tr>
	<td>Rahmen
	</td>
	<td>Integrale 0.5, Aluminium
	</td>
</tr>
<tr>
	<td>Gabel
	</td>
	<td>SR Suntour NEX E25, blockierbar
	</td>
</tr>
<tr>
	<td>Vorbau
	</td>
	<td>Concept EX, einstellbar
	</td>
</tr>
<tr>
	<td>Lenker
	</td>
	<td>Concept EX Ergo Riser, Concept EX Riser
	</td>
</tr>
<tr>
	<td>Sattel
	</td>
	<td>Selle Royal Essenza
	</td>
</tr>
<tr>
	<td>Sattelstütze
	</td>
	<td>Concept SL
	</td>
</tr>
<tr>
	<td>Pedale
	</td>
	<td>Urban, mit rutschhemmender Beschichtung und Reflektor
	</td>
</tr>
<tr>
	<td>Felgen
	</td>
	<td>Rodi Blackrock, geöst
	</td>
</tr>
<tr>
	<td>Naben
	</td>
	<td>Shimano FH-M475, mit Schnellspanner
	</td>
</tr>
<tr>
	<td>Bereifung
	</td>
	<td>Schwalbe Energizer Plus Tour, 47-622
	</td>
</tr>
<tr>
	<td>Schutzblech
	</td>
	<td>Kunststoff, mit Kantenschutz
	</td>
</tr>
<tr>
	<td>Gepäckträger
	</td>
	<td>Racktime Systemgepäckträger
	</td>
</tr>
<tr>
	<td>Ständer
	</td>
	<td>Hinterbauständer, einstellbar
	</td>
</tr>
<tr>
	<td>Zulässiges Gesamtgewicht
	</td>
	<td>130 kg
	</td>
</tr>
</tbody>
</table><p>[tab name=""Video""]
</p><p>
	<iframe width=""500"" height=""281"" src=""//www.youtube.com/embed/vO8aaUlyNG0"" frameborder=""0"" allowfullscreen="""">
	</iframe>
</p><p><br></p><p><br>
	<span style=""font-size: 10px;"">Technische Änderungen und Irrtümer in Bild und Text vorbehalten.</span>
</p>";;Fahrrad / E Bike;Fahrrad;;https://dqzrr9k4bjpzk.cloudfront.net/images/95115/897592247.jpg;0.00;2 250.0;2 250.0;2699.00;0;yes;0.00;no;;;;Kalkhoff bietet die perfekte Auswahl und Qualität Modell 2018 Motor: Bosch Performance Cruise Akku: Integrierter Bosch PowerTube mit 500 Wh Display: Bosch Purion mit Schiebehilfe Schaltung: 9 Gang Shimano Alivio Laufrad: 28“ 2 Farben: limegreen matt und magicblack matt  …;https://www.shop.ginzinger.at/#!/Kalkhoff-ENDEAVOUR-Move-B9-MY18/p/114694223;114694223
Kalkhoff Entice Move B9-MY18;628529384;"<h3>  Kalkhoff bietet die perfekte Auswahl und Qualität</h3>
<p> Entice-Modelle erweitern das Kalkhoff-Erlebnis in Richtung ""Everyroad"": Wenn Asphalt endet, kommen Entice E-Bikes erst richtig in Schwung.</p>
	
<p>[tab name=""Beschreibung""]
</p>
<p>// Neue sportliche Modellfamilie mit Crossover-Konzept: Entice
</p>
<p>// Bosch Performance Antriebssystem<br>// Bosch Purion LCD Display<br>// Einstellbarer Lenkervorbau, mit integrierter Kabelführung
</p>
<p>Modell 2018 Motor: Bosch Performance Cruise Akku: Integrierter Bosch PowerTube mit 500 Wh Display: Bosch Purion mit Schiebehilfe Schaltung: 9 Gang Shimano Alivio Laufrad: 28“<br>
</p>
<p>[tab name=""Geometrie""]<br>Die Endeavour - Reihe bietet drei verschiedene Rahmenformen.
</p>
<p><img src=""https://s3.amazonaws.com/images.ecwid.com/images/wysiwyg/product/95115/114694223/15369145344521542726654/Rahmengeometrie_jpg"">[tab name=""Daten""]
</p>
<p><strong>Daten</strong><br>
</p>
<table class=""color ecwid-description-table"">
<tbody>
<tr>
	<td>Farbe
	</td>
	<td>DI: heritageblue matt, magicblack matt, magicblack/maliblue matt; TR: heritageblue matt, magicblack matt, magicblack/maliblue matt; WA: magicblack matt, magicblack/maliblue matt
	</td>
</tr>
<tr>
	<td>Größe
	</td>
	<td>DI: S/43, M/48, L/53, XL/58; TR: S/43, M/48, L/53; WA: S/43, M/48, L/53
	</td>
</tr>
<tr>
	<td>Motor
	</td>
	<td>Bosch Performance Cruise, 36 V / 250 W
	</td>
</tr>
<tr>
	<td>Display
	</td>
	<td>Bosch Purion, LCD Display mit Schiebehilfe
	</td>
</tr>
<tr>
	<td>Batterie
	</td>
	<td>Bosch PowerTube Li-Ionen 36 V, 13,4 Ah (500 Wh)
	</td>
</tr>
<tr>
	<td>Reichweite
	</td>
	<td>bis zu 150 km
	</td>
</tr>
<tr>
	<td>Ladegerät
	</td>
	<td>Bosch, 4A
	</td>
</tr>
<tr>
	<td>Schaltung
	</td>
	<td>9-G Shimano Alivio
	</td>
</tr>
<tr>
	<td>Schalthebel
	</td>
	<td>Shimano Alivio M4000
	</td>
</tr>
<tr>
	<td>Tretlager
	</td>
	<td>Concept
	</td>
</tr>
<tr>
	<td>Zahnkranz
	</td>
	<td>Shimano HG200
	</td>
</tr>
<tr>
	<td>Bremsen
	</td>
	<td>Tektro M285, hydraulische Scheibenbremse
	</td>
</tr>
<tr>
	<td>Bremsscheiben
	</td>
	<td>vorne: 180 mm, hinten: 180 mm
	</td>
</tr>
<tr>
	<td>Scheinwerfer
	</td>
	<td>Herrmans H-Black MR8, LED
	</td>
</tr>
<tr>
	<td>Rücklicht
	</td>
	<td>Busch & Müller Line Small, LED
	</td>
</tr>
<tr>
	<td>Rahmen
	</td>
	<td>Integrale 0.5, Aluminium
	</td>
</tr>
<tr>
	<td>Gabel
	</td>
	<td>SR Suntour NEX E25, blockierbar
	</td>
</tr>
<tr>
	<td>Vorbau
	</td>
	<td>Concept EX, einstellbar
	</td>
</tr>
<tr>
	<td>Lenker
	</td>
	<td>Concept EX Ergo Riser, Concept EX Riser
	</td>
</tr>
<tr>
	<td>Sattel
	</td>
	<td>Entice Comfort, Selle Royal Rampage, Selle Royal Verve
	</td>
</tr>
<tr>
	<td>Sattelstätze
	</td>
	<td>Concept EX
	</td>
</tr>
<tr>
	<td>Pedale
	</td>
	<td>MTB, Flat, Aluminium, mit Reflektor
	</td>
</tr>
<tr>
	<td>Felgen
	</td>
	<td>Rodi Blackrock, geöst
	</td>
</tr>
<tr>
	<td>Naben
	</td>
	<td>Shimano FH-M475, mit Schnellspanner
	</td>
</tr>
<tr>
	<td>Bereifung
	</td>
	<td>Schwalbe Smart Sam, 47-622
	</td>
</tr>
<tr>
	<td>Ständer
	</td>
	<td>Hinterbauständer, einstellbar
	</td>
</tr>
<tr>
	<td>Zulässiges Gesamtgewicht
	</td>
	<td>130 kg
	</td>
</tr>
</tbody>
</table>
<p>[tab name=""Video""]
</p>
<p>
	<iframe width=""500"" height=""281"" src=""//www.youtube.com/embed/7UAuDw7IBv0"" frameborder=""0"" allowfullscreen="""">
	</iframe>
</p>
<p><span style=""font-size: 10px;"">[endtab]<br></span>
</p>
<p><span style=""font-size: 10px;"">Technische Änderungen und Irrtümer in Bild und Text vorbehalten.</span><br>
</p><span style=""font-size: 10px;""></span>";;Fahrrad / E Bike;Fahrrad;;https://dqzrr9k4bjpzk.cloudfront.net/images/95115/897592697.jpg;0.00;2 250.0;2 250.0;2699.00;0;yes;0.00;no;;;;Kalkhoff bietet die perfekte Auswahl und Qualität. Neue sportliche Modellfamilie mit Crossover-Konzept: Entice. Bosch Performance Antriebssystem. Bosch Purion LCD Display. Pedelec, Ebike dein Rad von Ginzinger Fahrrad in Ried/Innkreis.;https://www.shop.ginzinger.at/#!/Kalkhoff-Entice-Move-B9-MY18/p/114694273;114694273
Scott Contessa 700- MY13;227844;"<h3>Scott Contessa Genius 700 2013 - Mountainbike</h3><p>Nachts träumst du schon von Trails und einem Fahrrad, das es dir möglich macht auf all diesen Trails zu biken. Dieser Traum lässt sich erfüllen! Mit dem neuen Scott Contessa Genius 700.
</p><p>[tab name=""Beschreibung""]<br>Superlative wie das beste Trail-Chassis auf dem Markt oder der leichteste 150mm Frauen Full Suspension Fahrrad Rahmen kennzeichnen die komplette Neukonstruktion Genius 700. Denn nur den Namen und die Ausrichtung hat Scott vom Vorgängermodell übernommen.</p><p> Räder im neuen 650B Standard (27,5Zoll) drehen sich im Contessa Genius 700, einem Mountainbike mit dem Frau jeden Trail bewältigen kann.Mit leichtem und stabilem Fahrrad Rahmen aus hydrogeformten Aluminium ist das Contessa Genius 700 ist mit dem Nude2 Dämpfer und TwinLoc System ausgerüstet. Ohne auch nur eine Hand vom Lenker zu nehmen, kannst du per Daumenhebel 2 verschiedene Federkennlinien oder den Lockoutmodus wählen - gleichzeitig an Gabel und Dämpfer. Egal ob du die volle Federungsperformance im Downhill forderst, beim schnelles Trailsurfen agiles Handling brauchst oder an knackigen Anstiegen keine Kraft an die Federung verschenken willst. </p><p>Dank Features wie dem leichten ISD-SL Ausfallende und Direct Post Mount Bremsaufnahme punktet auch der Fahrrad Hinterbau mit geringem Gewicht und hoher Steifigkeit. Dazu bietet dieses Mountainbike eine Ausstattung, die über jeden Zweifel erhaben ist. Das neue Scott Contessa Genius 700, ein Fahrrad das die Kategorie Trail Mountainbike für Frauen in 650B perfekt definiert.<br>
</p><h4><span>[tab name=""Allgemein""]</span></h4><strong>Rahmen</strong><ul>
	<li>Einstellbare Tretlagerhöhe</li>
	<li>Konifiziertes Steuerrohr</li>
	<li>Direct Post Mount</li>
	<li>IDS -SL</li>
	<li>Mono-U Link</li>
	<li>Aluminium 6061</li>
	<li>142 x 12mm Steckachse</li>
</ul><strong>Gabel</strong><ul>
	<li>150 mm Federweg vorn</li>
	<li>auf 120 mm absenkbar</li>
	<li>blockierbar</li>
	<li>Steckachse</li>
	<li>CTD System</li>
	<li>mit Fernbedienung am Lenker</li>
</ul><strong>Dämpfer</strong><ul>
	<li>150 mm Federweg hinten</li>
	<li>mit Plattform / blockierbar</li>
	<li>Genius Nude2 Dämpfer</li>
	<li>mit Fernbedienung am Lenker</li>
</ul><strong>Anbauteile</strong><ul>
	<li>TwinLoc System</li>
	<li>30 Gang Antrieb</li>
</ul><h4><span>[tab name=""Daten""]</span><br></h4><table class=""ecwid-description-table"">
<tbody>
<tr>
	<td>Rahmen
	</td>
	<td>Genius 650b Alloy 6061 custom butted<br>hydroformed tubes / tapered Headtube<br>IDS SL dropout for 142 x 12mm<br>U-Mono Link / rear 180PM <br>BB height adj. / 150mm rear travel
	</td>
</tr>
<tr>
	<td>Rahmenmaterial
	</td>
	<td>Aluminium
	</td>
</tr>
<tr>
	<td>Gabel
	</td>
	<td>FOX 34 Talas 650b Evolution CTD Air<br>CTD remote damper with 3 modes<br>15mm QR axle / tapered steerer <br>reb. Adj. / 150 - 120 mm travel
	</td>
</tr>
<tr>
	<td>Federweg vorn
	</td>
	<td>150 mm
	</td>
</tr>
<tr>
	<td>Dämpfer
	</td>
	<td>Scott LRD suspension technologie<br>lock - ride/geometrie adj - descend <br>activate by Twinloc Remote Lever<br>Travel / Geo. adjust: Lockout - 95 - 150mm
	</td>
</tr>
<tr>
	<td>Federweg hinten
	</td>
	<td>150 mm
	</td>
</tr>
<tr>
	<td>Laufradgröße
	</td>
	<td>650B
	</td>
</tr>
<tr>
	<td>Felgen
	</td>
	<td>Syncros XC-55 650b Disc<br>32H / Eyelets
	</td>
</tr>
<tr>
	<td>Felgenmaterial
	</td>
	<td>Aluminium
	</td>
</tr>
<tr>
	<td>Nabe vorn
	</td>
	<td>Formula CL81 / seal bearing type
	</td>
</tr>
<tr>
	<td>Nabe hinten
	</td>
	<td>Shimano FH-M678 Disc CL / 12 x 142mm<br>DT Swiss RWS 12mm axle
	</td>
</tr>
<tr>
	<td>Speichen
	</td>
	<td>DT Swiss Champion Black 1.8mm
	</td>
</tr>
<tr>
	<td>Reifen vorn
	</td>
	<td>Schwalbe Nobby Nic EVO Snake Skin<br>27.5 (650b) x 2.35 / 67 EPI Kevlar Bead<br>Pace Star compound / Tubeless ready
	</td>
</tr>
<tr>
	<td>Reifen hinten
	</td>
	<td>Schwalbe Nobby Nic EVO Snake Skin<br>27.5 (650b) x 2.35 / 67 EPI Kevlar Bead<br>Pace Star compound / Tubeless ready
	</td>
</tr>
<tr>
	<td>Bremse vorn
	</td>
	<td>Shimano SLX BR-M676 Disc<br>180 mm SM-RT64 CL Rotor
	</td>
</tr>
<tr>
	<td>Bremse hinten
	</td>
	<td>Shimano SLX BR-M676 Disc<br>180 mm SM-RT64 CL Rotor
	</td>
</tr>
<tr>
	<td>Bremshebel
	</td>
	<td>Shimano SLX BL-M676 Disc
	</td>
</tr>
<tr>
	<td>Kurbelsatz
	</td>
	<td>Shimano XT FC-M780<br>hollowtech 2<br>42Ax32Ax24A T
	</td>
</tr>
<tr>
	<td>Innenlager
	</td>
	<td>Shimano SM-BB71-41A / shell 41x92mm
	</td>
</tr>
<tr>
	<td>Kette
	</td>
	<td>Shimano CN-HG54
	</td>
</tr>
<tr>
	<td>Kassette
	</td>
	<td>Shimano SLX CS-HG62-10<br>11-36 T
	</td>
</tr>
<tr>
	<td>Antrieb/Übersetzung
	</td>
	<td>3 x 10
	</td>
</tr>
<tr>
	<td>Umwerfer
	</td>
	<td>Shimano SLX FD-M670-E / DM
	</td>
</tr>
<tr>
	<td>Schaltwerk
	</td>
	<td>Shimano XT RD-M786 SGS<br>Shadow PlusType / 30 Speed
	</td>
</tr>
<tr>
	<td>Schalthebel
	</td>
	<td>Shimano SLX SL-M670-I<br>Rapidfire Plus / 2 way release<br>Ispec clamp
	</td>
</tr>
<tr>
	<td>Lenker
	</td>
	<td>Syncros FL1.5 15Rise<br>7050 D.B. 15mm Rise / 9° / 700 mm
	</td>
</tr>
<tr>
	<td>Griffe
	</td>
	<td>Syncros Pro lockon grips
	</td>
</tr>
<tr>
	<td>Sattel
	</td>
	<td>Syncros TR2.0 / CROM rails
	</td>
</tr>
<tr>
	<td>Sattelstütze
	</td>
	<td>Syncros FL1.5 / 31.6mm
	</td>
</tr>
<tr>
	<td>Gewicht ca.
	</td>
	<td>13,6kg / 29,96lbs
	</td>
</tr>
<tr>
	<td>Extras
	</td>
	<td>Scott DT Nude2 LT / 3 modes Lockout-TC-AT <br>Ball joints / 200 x 57mm / reb. Adj.
	</td>
</tr>
<tr>
	<td>Marke
	</td>
	<td>Scott
	</td>
</tr>
<tr>
	<td>Modelljahr
	</td>
	<td>2013
	</td>
</tr>
<tr>
	<td>Geschlecht
	</td>
	<td>Women
	</td>
</tr>
</tbody>
</table><div><span style=""font-size: 10px;""><sup>1</sup> Gewichtsangaben sind eine unverbindliche Herstellerangabe und ohne Gewähr.</span>
</div><p>
	[tab name=""Größe""]<br>
</p><div>S / 41,5 cm
</div><div>M / 44 cm
</div><div>L / 47,5 cm
</div><p>[endtab]
</p><p><span style=""font-size: 10px;"">Technische Änderungen und Irrtümer in Bild und Text vorbehalten.</span><span style=""font-size: 10px;""></span>
</p>";;Fahrrad / Mountainbike;Fahrrad;;https://dqzrr9k4bjpzk.cloudfront.net/images/95115/897592948.jpg;14.00;1 600.0;1 600.0;3499.00;1;yes;0.00;no;;;Scott Contessa 700- MY13  ein Schnäppchen;"Scott Contessa Genius 700 2013 - Mountainbike zum sensationellen Preis. 
Die spezielle MTB Linie von Scott abgestimmt auf Frauen. Individuell für den optimalen Flow am Trail. Hol Dir jetzt dein passendes Fahrrad bei Zweirad Ginzinger in Ried. Schnäppchenpreise! 
";https://www.shop.ginzinger.at/#!/Scott-Contessa-700-MY13/p/114654017;114654017
Scott E-SCALE 910;249754;"<h3>  Das schlankste E-Scale aller Zeiten</h3><p>Das brandneue SCOTT E-Scale 910 bietet eine bewährte elektrische Antriebstechnologie in einer komfortablen Off-Road-Verpackung. Für die E-Power sorgt das 500 W-Bosch Antriebssystem. Das E-Scale gibt dir die nötige Energie für stundenlange Ausfahrten. Erhältlich mit 29-Zoll-Bereifung.
</p><p>[tab name=""Beschreibung""]
</p><p><span></span>Das E-Scale wird vom <strong>Bosch-Performance CX System </strong>unterstützt  das mit einem max. Drehmoment von 75 Nm das stärkste Bosch-Sysem ist. Der 500Wh Akku von Bosch wurde komplett überarbeitet und ist nun der schlankste, der am Markt erhältlich ist. <br><br>Das Pedelec <strong>mit neuester Technik</strong>, mit <strong>stabilem und leichtem Alu-Rahmen mit vollintegriertem Akku </strong>ist ausgestattet mit 3-fach verstellbarer Federgabel mit Lenkerfernbedienung, Shimano XT 11-Gang Schaltung mit guter Bergübersetzung, leistungsstarken Shimano SLX Scheibenbremsen mit 203mm Bremsscheiben ist jeden Cent seines Preises wert.
</p><p>Die Laufräder des neuen E-Scale sind mit <strong>Boost-Naben</strong> versehen, dadurch wurde der Speichenwinkel größer und die Laufräder stabiler. Das hintere Rahmendreieck konnte kürzer konstruiert werden, was zu mehr Stabilität und dadurch zu direkterer Kraftübertragung beiträgt. Gleichzeitig wurden 2,6 Zoll breite Reifen aufgezogen die in Verbindung mit 29 Zoll Rädern extrem komfortabel sind und ein unübertroffenes Roll- und Überrollverhalten haben. </p><p><strong>[tab name="" Daten""]</strong></p><table class=""ecwid-description-table"">
<tbody>
<tr>
	<td>Rahmen
	</td>
	<td>E-Scale / 6061 Alloy custom butted tubing / internal cable routing / 148/12 IDS SL drop out
	</td>
</tr>
<tr>
	<td>E-Antrieb
	</td>
	<td>Bosch Performance CX 250w System / w/500wh Battery / new Purion Display
	</td>
</tr>
<tr>
	<td>Gabel
	</td>
	<td> FOX 32 Float Performance Air / Grip 3 / 3-Modes / 15x100mm QR axle / tapered steerer / Lockout / Reb. Adj. / 100mm travel<br>
	</td>
</tr>
<tr>
	<td>Steuersatz
	</td>
	<td>Syncros Pro / Tapered 1.5"" - 1 1/8"" / semi integ. OD 50/61mm / ID 44/55mm
	</td>
</tr>
<tr>
	<td>Schaltwerk
	</td>
	<td>Shimano XT RD-M8000-GS / DM Shadow Plus / 11 Speed
	</td>
</tr>
<tr>
	<td>Schalthebel
	</td>
	<td>Shimano SLX SL-M7000 / Rapidfire Plus / 2 way release / Ispec 2 clamp
	</td>
</tr>
<tr>
	<td>Bremsen
	</td>
	<td>Shimano SLX-M7000 Disc / 200/F and 180/R SM-RT64 CL Rotor
	</td>
</tr>
<tr>
	<td>Kurbelsatz
	</td>
	<td>FSA CK-745 MTB 15T
	</td>
</tr>
<tr>
	<td>Lenker
	</td>
	<td>Syncros FL2.0 mini Riser / Alloy 6061 / 12mm rise / 9° / 740mm / Syncros Pro lock-on grips
	</td>
</tr>
<tr>
	<td>Vorbau
	</td>
	<td>Syncros FL2.0 6061 Alloy / oversize 31.8mm / 1 1/8""-6°
	</td>
</tr>
<tr>
	<td>Pedale
	</td>
	<td>Wellgo M-248DU
	</td>
</tr>
<tr>
	<td>Sattelstütze
	</td>
	<td>Syncros / 31.6mm
	</td>
</tr>
<tr>
	<td>Sattel
	</td>
	<td>Syncros M3.0
	</td>
</tr>
<tr>
	<td>Vorderradnabe
	</td>
	<td>Formula CL 811
	</td>
</tr>
<tr>
	<td>Hinterradnabe
	</td>
	<td>Formula CL148S
	</td>
</tr>
<tr>
	<td>Kette
	</td>
	<td>Shimano CN-HG601-11
	</td>
</tr>
<tr>
	<td>Kassette
	</td>
	<td>Shimano CS-M8000-11 11-46 T
	</td>
</tr>
<tr>
	<td>Speichen
	</td>
	<td>DT Swiss Champion
	</td>
</tr>
<tr>
	<td>Felgen
	</td>
	<td> Syncros X-25 / 32H / Tubeless read
	</td>
</tr>
<tr>
	<td>Bereifung
	</td>
	<td>Maxxis Forekaster / 2.35 / 120TPI Kevlar Bead / TR Tubeless Ready / EXO / 3C maxx speed
	</td>
</tr>
<tr>
	<td>Gewicht
	</td>
	<td>ca. 19.7 kg
	</td>
</tr>
</tbody>
</table><p>[endtab]<br>
</p><p><span style=""font-size: 10px;"">Technische Änderungen und Irrtümer in Bild und Text vorbehalten.</span>
</p>";;Fahrrad / E Bike;Fahrrad;;https://dqzrr9k4bjpzk.cloudfront.net/images/95115/897607264.jpg;20.00;2 790.0;2 790.0;3799.00;2;yes;0.00;no;;;;Das SCOTT E-Scale 910 kombiniert bewährte elektrische Antriebstechnologie mit einer komfortablen Off-Road-Verpackung Für die E-Power sorgt das 500 Wh Bosch Antriebssystem. Hol Dir jetzt dein passendes Fahrrad bei Zweirad Ginzinger in Ried.;https://www.shop.ginzinger.at/#!/Scott-E-SCALE-910/p/114694347;114694347
Scott Foil 20 - MY16;241417;"<h2>Scott Foil 20 2016, black/white/red - Rennrad</h2><p>[tab name=""Beschreibung""]</p><p style=""text-align: justify;"">170 km und 4 Bergetappen liegen heute vor dir, du stehst vorn im Starterfeld, fühlst dich gut und weisst heute wirst du auf dem Rennrad schnell sein. Doch auch deine Konkurrenten sind in Topform, den Kampf um den Sieg wird also das perfekte Roadbike entscheidend mitbestimmen. Deshalb willst du ein effizientes Rennrad fahren, eine Fahrmaschine die unter allen Bedingungen schneller rollen kann als das Peloton und dir dadurch den entscheidenden Vorsprung verschafft. Ein Rennrad wie das Scott Foil. Das neue Foil wurde von den Scott Ingenieuren für maximale Effizienz entwickelt. Dieses Roadbike ist noch aerodynamischer und bequemer, hat aber seine unglaubliche laterale Steifigkeit behalten. Die Scott F01-Technologie erlaubt dem Foil einzigartige radspezifische Formen, die exakt auf den Luftwiderstand bei Rennrad Geschwindigkeiten optimiert sind und dir damit die entscheidenden Sekunden bringen. Kleine feine Details wie das aerodynamisch integrierte Cockpit zeigen die Konsequenz der Scott Entwickler und machen das Scott Foil zum perfekten Rennrad für Radsportler mit Siegesambitionen.</p><p><br>[tab name=""Allgemein""]</p><p><strong>Kategorie / Einsatzbereich</strong></p><ul><li>Performance:<span class=""wertung 5"">*****</span></li></ul><p><strong>Rahmen</strong></p><ul><li>IMP - Integriertes Formgebungsverfahren</li><li>HMF Carbon</li><li>Konifizierte Steuerrohr</li><li>F01 Aero Technologie</li><li>Oversized Tretlagerbereich</li><li>Integrierte Sattelklemmung</li><li>Race Geometry</li><li>Comfort Zone</li></ul><p><strong>Gabel</strong></p><ul><li>HMX Vollcarbongabel</li></ul><p><strong>Anbauteile</strong></p><ul><li>Cockpit Integration</li><li>Zweifach Antrieb</li></ul><h4><strong>[tab name=""Daten""]</strong></h4><table class=""ecwid-description-table""><tbody><tr><td>Rahmen</td><td>FOIL HMF IMP, F01 AERO Carbon tech. Road Race geometry Replaceable Dropout STD Seattube / INT BB</td></tr><tr><td>Rahmenmaterial</td><td>Carbon</td></tr><tr><td>Steuersatz</td><td>Syncros Integrated</td></tr><tr><td>Gabel</td><td>FOIL HMF 1 1/4 - 1 1/2 Carbon steerer Integrated Carbon Dropout</td></tr><tr><td>Laufradgröße</td><td>700C</td></tr><tr><td>Felgen</td><td>Syncros RR2.0 20 Front / 24 Rear</td></tr><tr><td>Felgenmaterial</td><td>Aluminium</td></tr><tr><td>Nabe vorn</td><td>Syncros RR2.0</td></tr><tr><td>Nabe hinten</td><td>Syncros RR2.0</td></tr><tr><td>Speichen</td><td>Syncros RR2.0</td></tr><tr><td>Reifen vorn</td><td>Continental Grand Sport Race Fold 700x23C</td></tr><tr><td>Reifen hinten</td><td>Continental Grand Sport Race Fold 700x23C</td></tr><tr><td>Bremse vorn</td><td>Shimano Ultegra BR-6810 / 6810 rear Super SLR Dual pivot / Direct mount</td></tr><tr><td>Bremse hinten</td><td>Shimano Ultegra BR-6810 /Super SLR Dual pivot / Direct mount</td></tr><tr><td>Bremshebel</td><td>Shimano Ultegra ST-6800</td></tr><tr><td>Kurbelsatz</td><td>Shimano Ultegra FC-6800 Hollowtech II 52x36 T Grey</td></tr><tr><td>Innenlager</td><td>Ultegra SM-BB72-41</td></tr><tr><td>Kette</td><td>Shimano CN-HG600</td></tr><tr><td>Kassette</td><td>Shimano Ultegra CS-6800 11-28 T</td></tr><tr><td>Antrieb/Übersetzung</td><td>2 x 11</td></tr><tr><td>Umwerfer</td><td>Shimano Ultegra FD-6800</td></tr><tr><td>Schaltwerk</td><td>Shimano Ultegra RD-6800SS 22 Speed</td></tr><tr><td>Schalthebel</td><td>Shimano Ultegra ST-6800 Carbon Dual control 22 Speed</td></tr><tr><td>Vorbau</td><td>Syncros FOIL 1 1/4</td></tr><tr><td>Lenker</td><td>Syncros RR2.0 Anatomic 31.8 mm</td></tr><tr><td>Sattel</td><td>Syncros RR2.0</td></tr><tr><td>Sattelstütze</td><td>Syncros FOIL aero Carbon</td></tr><tr><td>Gewicht ca.</td><td>7,48 kg<sup>1</sup></td></tr><tr><td>Schaltung/Antrieb</td><td>Kettenschaltung</td></tr><tr><td>Einsatzzweck</td><td>Rennrad|Performance</td></tr><tr><td>Marke</td><td>Scott</td></tr><tr><td>Modelljahr</td><td>2016</td></tr><tr><td>Farbbezeichnung</td><td>black/white/red</td></tr><tr><td>Geschlecht</td><td>Men</td></tr></tbody></table><span style=""font-size: 10px;""><sup>1</sup> Gewichtsangaben sind eine unverbindliche Herstellerangabe und ohne Gewähr.</span><span style=""font-size: 10px;""></span><p><span style=""font-size: 10px;"">[tab name=""Video""]</span></p><div><span style=""font-size: 10px;""><iframe width=""500"" height=""281"" src=""//www.youtube.com/embed/IFa2v4DIcqQ"" frameborder=""0"" allowfullscreen=""""></iframe><br></span></div><p><span style=""font-size: 10px;"">[endtab]</span></p><p><span style=""font-size: 10px;"">Technische Änderungen und Irrtümer in Bild und Text vorbehalten.</span><span style=""font-size: 10px;""></span><br><br></p>";;Fahrrad / Rennrad;Fahrrad;;https://dqzrr9k4bjpzk.cloudfront.net/images/95115/897607549.jpg;15.00;2083;2 500.0;3599.00;1;yes;0.00;yes;;;Scott Foil 20 - MY16;"Die Legende des FOIL lebt, und es wird jetzt sogar noch besser. Das FOIL 20 wurde entwickelt, um noch aerodynamischer und bequemer zu sein und dabei weiterhin die unglaublich laterale Steifheit seines Vorgängers zu behalten. 
Hol Dir jetzt dein passendes Rennrad bei Zweirad Ginzinger in Ried.";https://www.shop.ginzinger.at/#!/Scott-Foil-20-MY16/p/114641184;114641184
Scott Genius 720 - MY 13;227719;"<h3>Schnäppchen in Rahmenhöhe S</h3><p>Modell 2013
</p><p>[tab name=""Beschreibung""]<br></p><p>Das nagelneue Genius 720 hat einen von Kopf bis Fuß neu designten Rahmen, optimal abgestimmt auf 27,5-Zoll-Laufräder (650b). Den HMX-Carbonrahmen gibt es mit 150 mm-Federweg und Komponenten des mittleren oder gehobenen Segments - das ultimative Trail-Bike!
</p><p>[tab name=""Daten""]</p><table class=""ecwid-description-table""><tbody><tr><td>Gewicht</td><td>12,9kg / 28,41lbs</td></tr><tr><td>Rahmen</td><td>SCOTT Genius 27.5''/650b Carbon / IMP5 / HMF NET BB 92 / Alloy swingarm with 180PM U-Mono Link / Tapered Headtube IDS SL dropouts for 135 x 5mm BB height adj. / 150mm rear travel</td></tr><tr><td>Gabel</td><td>FOX 34 Talas 650b Evolution CTD Air CTD remote damper with 3 modes 15mm QR axle / tapered steerer reb. Adj. / 150 - 120 mm travel</td></tr><tr><td>Remote System</td><td>SCOTT LTD suspension technology Lock - Traction (travel / geo adj) - Descend activate by Twinloc Remote Lever Lockout - 100 - 150mm</td></tr><tr><td>Dämpfer (hinten)</td><td>SCOTT DT Nude2 / 3 modes Lockout-TC-D Ball joints / 200 x 57mm / reb. Adj.</td></tr><tr><td>Steuersatz</td><td>Ritchey Comp Plus Tapered 1.5"" - 1 1/8"" semi integr. OD 50/61mm / ID 44/55mm</td></tr><tr><td>Schaltwerk</td><td>Shimano XT RD-M786 SGS Shadow PlusType / 30 Speed</td></tr><tr><td>Umwerfer</td><td>Shimano SLX FD-M670-E / DM</td></tr><tr><td>Schalthebel</td><td>Shimano SLX SL-M670-I Rapidfire Plus / 2 way release Ispec clamp</td></tr><tr><td>Bremshebel</td><td>Shimano SLX BL-M675 Disc</td></tr><tr><td>Bremsen</td><td>Shimano SLX BR-M675 Disc 180/F and 180/R mm SM-RT66 IT Rotor</td></tr><tr><td>Kurbelsatz</td><td>Shimano XT FC-M780 hollowtech 2 42Ax32Ax24A T</td></tr><tr><td>BB-Set</td><td>Shimano SM-BB71-41A / shell 41x92mm</td></tr><tr><td>Lenker</td><td>Syncros FL1.5 Tbar Alloy 7050 D.B. / T shape Flat / 9° / 700mm Syncros Pro lockon grips</td></tr><tr><td>Vorbau</td><td>Syncros TR1.5 2014 / 4D forged / oversize 31.8mm 1-1/8"" / 6° angle</td></tr><tr><td>Pedale</td><td>Shimano PD-M520 Clipless pedal</td></tr><tr><td>Sattelstütze</td><td>Syncros FL1.5 / 31.6mm</td></tr><tr><td>Sattel</td><td>Syncros TR2.0 / CROM rails</td></tr><tr><td>Nabe (vorne)</td><td>Syncros TR 2.5 650b CL / 15mm made by DT Swiss</td></tr><tr><td>Nabe (hinten)</td><td>Syncros TR 2.5 650b CL / RWS made by DT Swiss</td></tr><tr><td>Kette</td><td>Shimano CN-HG74</td></tr><tr><td>Kassette</td><td>Shimano XT CS-M771-10 11-36 T</td></tr><tr><td>Speichen</td><td>DT Swiss Super Comp black</td></tr><tr><td>Felgen</td><td>Syncros / DT Swiss TR 2.5 27.5''/650b 32 H</td></tr><tr><td>Reifen</td><td>Schwalbe Nobby Nic EVO Snake Skin 27.5 (650b) x 2.25 / 67 EPI Kevlar Bead Pace Star compound / Tubeless ready</td></tr></tbody></table><p>[endtab]</p><p><span style=""font-size: 10px;"">Technische Änderungen und Irrtümer in Bild und Text vorbehalten.</span><span style=""font-size: 10px;""></span><br>
</p>";;Fahrrad;Fahrrad / Mountainbike;;https://dqzrr9k4bjpzk.cloudfront.net/images/95115/897607630.jpg;13.00;1658;1 990.0;3999.00;1;yes;0.00;no;;;Scott Genius 720 Fully als Schnäppchen | MY 13;Das Scott Genius 720 Fully hat einen von Kopf bis Fuß neu designten Rahmen, optimal abgestimmt auf 27,5-Zoll-Laufräder (650b). Den HMX-Carbonrahmen gibt es mit 150 mm-Federweg und Komponenten des mittleren oder gehobenen Segments - das ultimative Trail-Bike! Hol Dir jetzt dein passendes Fahrrad bei Zweirad Ginzinger in Ried zum Aktionspreis.;https://www.shop.ginzinger.at/#!/Scott-Genius-720-MY-13/p/114641746;114641746
Scott Solace 10 Disc - MY 16 (Demobike);241443;"<p><strong>Testrad mit Gebrauchsspuren ca. 900 km</strong></p><p><strong>Angenehm und dabei richtig schnell: Das Scott Solace 10 ist perfekt auf Marathons zugeschnitten, der gut gemachte Rahmen und die Ausstattung rechtfertigen den Preis.<br></strong></p><p>[tab name=""Beschreibung""]<span class=""redactor-invisible-space"" ""=""""></span></p><div>Raue Straßen, Marathonrennen, lange Tage auf dem Sattel -  für all das wurde das Solace 10 Disc geschaffen. Der HMF Carbon Fiber Rahmen wurde mit zwei Zonen, einer Power Zone und einer Comfort Zone entwickelt. Ausgestattet mit hydraulischen Shimano Scheibenbremsen können Sie unabhängig von den Wetterbedingungen lange Strecken zurücklegen.<br></div><p><strong></strong></p><p>[tab name=""Daten""]<br></p><table class=""gh-data-table gh-flex-item--grow ecwid-description-table""><tbody><tr><th>Rahmen</th><td>Carbon</td></tr><tr><th>Laufradgröße</th><td>28""</td></tr><tr><th>Gabel</th><td>Carbon</td></tr><tr><th>Bremsentyp</th><td>Disc hydraulisch</td></tr><tr><th>Bremse</th><td>Shimano RS508</td></tr><tr><th>Schalthebel</th><td>Shimano RS685</td></tr><tr><th>Schaltwerk</th><td>Shimano Ultegra</td></tr><tr><th>Umwerfer</th><td>Shimano Ultegra</td></tr><tr><th>Kurbelsatz</th><td>Shimano RS500 (50/34)</td></tr><tr><th>Gänge</th><td>22 (2x11)</td></tr><tr><th>Gewicht</th><td>8.16kg</td></tr></tbody></table><p>[endtab]</p><p><span style=""font-size: 10px;"">Technische Änderungen und Irrtümer in Bild und Text vorbehalten.</span></p>";;Fahrrad;Fahrrad / Rennrad;;https://dqzrr9k4bjpzk.cloudfront.net/images/95115/898450215.jpg;8.00;1658;1 990.0;3499.00;1;yes;0.00;no;;;;"Testrad mit Gebrauchsspuren ca. 900 km Technische Daten: Scott Solace 10 Rahmen Carbon Laufradgröße 28"" Gabel Carbon Bremsentyp Disc hydraulisch Bremse Shimano RS508 Schalthebel Shimano RS685 Schaltwerk Shimano Ultegra Umwerfer Shimano Ultegra Hol Dir jetzt dein passendes Fahrrad bei Zweirad Ginzinger in Ried.";https://www.shop.ginzinger.at/#!/Scott-Solace-10-Disc-MY-16-Demobike/p/114659195;114659195
Specialized Amira Elite C2 105 - MY 13 (Testrad);99E2-5148;"<h3>Testrad mit Gebrauchsspuren</h3><p>Für ambitionierte Frauen, die ein Kriterium ebenso wie den Ortsschildsprint in der Trainingsgruppe lieben, bietet das Amira Elite mit seinem leichten und steifen FACT 9r Karbonrahmen in frauenspezifischer Geometrie eine optimale Passform und beste Leistung. <br>
</p><p>[tab name =""Beschreibung""]<br>
</p><p>Ganz schnelle Frauen wollen ein richtig schnelles Rennrad. Eines der Schnellsten für Frauen ist das Specialized Amira. </p><p> 
  Dieses Fahrrad ist ein Wettkampfbike par excellence, unglaublich reaktionsschnell und wie für den Renneinsatz geboren. Specialized stattet das Amira mit einem äußerst leichten und steifen Rahmen aus SL4 Carbon mit konischem Steuerrohr aus, ein Garant für explosive Beschleunigung und messerscharfes Handling. </p><p>Mit diesem Roadbike kann Frau dem Peloton davon rollen oder Lücken schließen - zahlreiche Siege des Specialized-lululemon Rennrad Teams beweisen das eindrucksvoll. Und auch dir kann das Amira Flügel verleihen.
</p><p>[tab name =""Daten""]<br></p><p><strong>Kategorie / Einsatzbereich</strong>
</p><ul>
	<li>Rennrad<span class=""wertung 5""></span></li>
</ul><strong>Rahmen</strong><ul>
	<li>FACT Carbon</li>
	<li>Konisches Steuerrohr</li>
</ul><strong>Gabel</strong><ul>
	<li>Monocoque-Karbongabel </li>
</ul><strong>Anbauteile</strong><ul>
	<li>Schlanker ist Schneller</li>
	<li>FACT Karbon Sattelstütze</li>
	<li>Compact Antrieb</li></ul><table class=""ecwid-description-table"">
<tbody>
<tr>
	<td>Rahmen
	</td>
	<td>Specialized FACT 8r carbon, FACT construction, Women's Performance Geometry and layup, tapered/shaped 1-1/8 to 1-3/8 headtube, OSBB
	</td>
</tr>
<tr>
	<td>Rahmenmaterial
	</td>
	<td>Carbon
	</td>
</tr>
<tr>
	<td>Steuersatz
	</td>
	<td>1-1/8 upper and 1-3/8 lower Cr-Mo cartridge bearings, 20mm cone spacer, w/ 20mm of spacers
	</td>
</tr>
<tr>
	<td>Gabel
	</td>
	<td>Specialized FACT carbon full monocoque, 1-1/8 to 1-3/8 tapered steerer
	</td>
</tr>
<tr>
	<td>Laufradgröße
	</td>
	<td>700C
	</td>
</tr>
<tr>
	<td>Felgenmaterial
	</td>
	<td>Aluminium
	</td>
</tr>
<tr>
	<td>Laufradsatz
	</td>
	<td>AXIS 2.0
	</td>
</tr>
<tr>
	<td>Reifen vorn
	</td>
	<td>Specialized Turbo Elite, 60TPI, foldable aramid bead, BlackBelt protection, 700x23c
	</td>
</tr>
<tr>
	<td>Reifen hinten
	</td>
	<td>Specialized Turbo Elite, 60TPI, foldable aramid bead, BlackBelt protection, 700x23c
	</td>
</tr>
<tr>
	<td>Schläuche
	</td>
	<td>Standard presta valve
	</td>
</tr>
<tr>
	<td>Bremse vorn
	</td>
	<td>AXIS 1.0
	</td>
</tr>
<tr>
	<td>Bremse hinten
	</td>
	<td>AXIS 1.0
	</td>
</tr>
<tr>
	<td>Bremshebel
	</td>
	<td>Shimano 105
	</td>
</tr>
<tr>
	<td>Kurbelsatz
	</td>
	<td>FSA Gossamer, BB30
	</td>
</tr>
<tr>
	<td>Pedale
	</td>
	<td>Nylon flat test ride, loose ball, w/ reflectors
	</td>
</tr>
<tr>
	<td>Kettenblätter
	</td>
	<td>50/34
	</td>
</tr>
<tr>
	<td>Innenlager
	</td>
	<td>OS integrated, sealed bearings
	</td>
</tr>
<tr>
	<td>Kette
	</td>
	<td>KMC X10
	</td>
</tr>
<tr>
	<td>Kassette
	</td>
	<td>Shimano Tiagra, 10-speed, 12-28
	</td>
</tr>
<tr>
	<td>Antrieb/Übersetzung
	</td>
	<td>2 x 10
	</td>
</tr>
<tr>
	<td>Umwerfer
	</td>
	<td>Shimano Tiagra, braze-on, 10-speed
	</td>
</tr>
<tr>
	<td>Schaltwerk
	</td>
	<td>Shimano 105, 10-speed
	</td>
</tr>
<tr>
	<td>Schalthebel
	</td>
	<td>Shimano 105 STI, 10-speed
	</td>
</tr>
<tr>
	<td>Vorbau
	</td>
	<td>Specialized Comp-Set, 3D forged alloy, 4-position adjustable, 4-bolt, 31.8mm clamp
	</td>
</tr>
<tr>
	<td>Lenker
	</td>
	<td>Specialized Women's Comp, alloy, 123mm drop, 75mm reach
	</td>
</tr>
<tr>
	<td>Lenkerband
	</td>
	<td>Specialized S-Wrap
	</td>
</tr>
<tr>
	<td>Sattel
	</td>
	<td>Body Geometry Women's Oura Comp Gel, hollow Cr-Mo rails, 155mm
	</td>
</tr>
<tr>
	<td>Sattelstütze
	</td>
	<td>Specialized Comp, carbon, 27.2mm
	</td>
</tr>
<tr>
	<td>Sattelklemme
	</td>
	<td>Forged alloy, 32.6mm
	</td>
</tr>
<tr>
	<td>Marke
	</td>
	<td>Specialized
	</td>
</tr>
<tr>
	<td>Modelljahr
	</td>
	<td>2014
	</td>
</tr>
<tr>
	<td>Farbbezeichnung
	</td>
	<td>White/Moto Green
	</td>
</tr>
<tr>
	<td>Geschlecht
	</td>
	<td>Women
	</td>
</tr>
</tbody>
</table><h4>[tab name=""Größen""]<br></h4><div>44 cm
</div><div>48 cm
</div><div>51 cm
</div><div>54 cm
</div><div>56 cm
</div><h4>[tab name=""Video""]</h4><p>
	<iframe width=""500"" height=""281"" src=""//www.youtube.com/embed/6FPFAg_No2g"" frameborder=""0"" allowfullscreen="""">
	</iframe>
</p><p>[endtab]
</p><p><span style=""font-size: 10px;"">Technische Änderungen und Irrtümer in Bild und Text vorbehalten.</span>
</p>";;Fahrrad / Rennrad;Fahrrad;;https://dqzrr9k4bjpzk.cloudfront.net/images/95115/892258238.jpg;0.00;1 300.0;1 300.0;2299.00;1;yes;0.00;no;;;;"Rahmenhöhe XS. Testrad mit Gebrauchsspuren Ganz schnelle Frauen wollen ein richtig schnelles Rennrad. Schnäppchenpreis, eine Gelegenheit in Ried/Innkreis.
Eines der Schnellsten für Frauen ist das Specialized Amira. Dieses Fahrrad ist ein Wettkampfbike par excellence. Hol Dir jetzt dein passendes Fahrrad bei Zweirad Ginzinger in Ried.";https://www.shop.ginzinger.at/#!/Specialized-Amira-Elite-C2-105-MY-13-Testrad/p/114659296;114659296
Specialized LEVO HT Comp 6-Fatty -MY16/17;95216-7003;"<h3> Agiles, direktes Handling und top Effizienz für viel Speed </h3><p>Letzteres wird beim Levo HT einfach noch größer geschrieben. Die stabil und formschön in den Rahmen integrierte Turbo-Technologie sorgt nämlich dafür, dass du müheloser und zügiger oben bist, deinen Lieblingstrail in der gleichen Zeit zweimal fährst oder entspannt neues Terrain entdeckst.
</p><p>[tab name=""Allgemeines""]
</p><p> Zu den Fakten: Die hochwertige und bestens geschützte Batterie ist nicht nur vollständig in das Unterrohr integriert, sie sorgt zudem für eine optimale Gewichtsverteilung. Obendrein ist sie leicht zu entnehmen und intern wie extern aufladbar. Die Leistung lässt sich über unser dezent im Rahmen integriertes Trail-Display per Knopfdruck in drei Stufen variieren, der Ladestand wird über LEDs angezeigt.
</p><p>Ergänzt wird dieses zukunftsweisende Konzept mit einer top Ausstattung, die mit dem Bike perfekt harmoniert: Die RockShox Revelation Reba RL Federgabel dämpft Unebenheiten effizient ab und erlaubt exakte Lenkimpulse. Bergab hast du mit kräftigen SRAM DB5 Scheibenbremsen alles sicher im Griff, die Gänge wählst du präzise mit einem SRAM GX Antrieb, der dank eines custom Kettenblattes aus robustem Stahl auf Langlebigkeit getrimmt ist.
</p><p>[tab name=""Daten""]
</p><table class=""ecwid-description-table""><tbody>
<tr>
	<td>Ladegerät
	</td>
	<td>Custom charger, 42V4A w/Rosenberger plug
	</td>
</tr>
<tr>
	<td>Lenkerfernbedienung
	</td>
	<td>Integrated Trail display, 10-LED battery display, Mission Control iOS/Android App
	</td>
</tr>
<tr>
	<td>Motor
	</td>
	<td>Custom & exclusive for Specialized, Trail tuned, 250 W
	</td>
</tr>
<tr>
	<td>Kabelbaum
	</td>
	<td>Custom harness w/ Rosenberger plug
	</td>
</tr>
<tr>
	<td>Felgen
	</td>
	<td>Roval Traverse 650b, hookless alloy, 38mm inner width, 24/28h, tubeless ready
	</td>
</tr>
<tr>
	<td>Voderreifen
	</td>
	<td>Purgatory, GRID casing, 650bx3.0"", 60TPI, Aramid folding bead, 2Bliss Ready
	</td>
</tr>
<tr>
	<td>Hinterreifen
	</td>
	<td>Ground Control, GRID casing, 650bx3.0"", 60TPI, Aramid folding bead, 2Bliss Ready
	</td>
</tr>
<tr>
	<td>Speichen
	</td>
	<td>DT Swiss Industry, stainless
	</td>
</tr>
<tr>
	<td>Schläuche
	</td>
	<td>650bx2.3""/3.0"", 40mm Presta valve
	</td>
</tr>
<tr>
	<td>Vorderradnarbe
	</td>
	<td>Specialized disc, alloy, sealed cartridge bearings, 110x15mm thru-axle, 24h
	</td>
</tr>
<tr>
	<td>Hinterradnarbe
	</td>
	<td>Specialized disc, alloy, sealed cartridge bearings, 12x148mm thru-axle, 28h
	</td>
</tr>
<tr>
	<td>Pedale
	</td>
	<td>Alloy platform
	</td>
</tr>
<tr>
	<td>Innenlager
	</td>
	<td>Integrated in motor
	</td>
</tr>
<tr>
	<td>Schaltwerk
	</td>
	<td>SRAM GX, Type 2.1, long cage, 10-speed
	</td>
</tr>
<tr>
	<td>Kettenblätter
	</td>
	<td>32T
	</td>
</tr>
<tr>
	<td>Kassette
	</td>
	<td>Sunrace, 10-speed, 11-40t
	</td>
</tr>
<tr>
	<td>Kurbelgarnitur
	</td>
	<td>Custom alloy crankarms
	</td>
</tr>
<tr>
	<td>Schalthebel
	</td>
	<td>SRAM GX, 10-speed, trigger
	</td>
</tr>
<tr>
	<td>Kette
	</td>
	<td>SRAM PC1031, 11-speed w/PowerLink
	</td>
</tr>
<tr>
	<td>Sattelstütze
	</td>
	<td>TranzX dropper, internal cable routing, remote lever, 30.9mm, S/M: 100mm, L/XL: 120mm travel
	</td>
</tr>
<tr>
	<td>Lenker
	</td>
	<td>Specialized, 6061 alloy, 6-degree upsweep, 8-degree backsweep, 27mm rise, 750mm width
	</td>
</tr>
<tr>
	<td>Lenkergriffe
	</td>
	<td>Specialized Sip Grip, light lock-on, half-waffle, S/M: regular thickness, L/XL: XL thickness
	</td>
</tr>
<tr>
	<td>Sattel
	</td>
	<td>Body Geometry Henge Sport, steel rails, 143mm
	</td>
</tr>
<tr>
	<td>Vorbau
	</td>
	<td>Specialized, 3D-forged alloy, 4-bolt, 6-degree rise, 31.8mm clamp
	</td>
</tr>
<tr>
	<td>Hinterradbremse
	</td>
	<td>SRAM DB5, hydraulic disc, 2-piston caliper, semi-organic pads, 200mm rotor
	</td>
</tr>
<tr>
	<td>Voderradbremse
	</td>
	<td>SRAM DB5, hydraulic disc, custom 4-piston caliper, semi-organic pads, 200mm rotor
	</td>
</tr>
<tr>
	<td>Sattelstützklemme
	</td>
	<td>Alloy, 34.9mm
	</td>
</tr>
<tr>
	<td>Gabel
	</td>
	<td>RockShox Reba RL 29/27.5+, Fast Black uppers, Solo air, 15x110mm thru-axle, 100/120mm travel (frame size specific)
	</td>
</tr>
<tr>
	<td>Rahmen
	</td>
	<td>Specialized M5 Premium Aluminum, Trail HT Geometry, integrated down tube battery, enclosed internal cable and Command Post IR routing, 148mm spacing
	</td>
</tr>
</tbody>
</table><div>
	<p><span style=""font-size: 10px;"">[endtab]</span></p>
	<p><span style=""font-size: 10px;"">Technische </span><span style=""font-size: 10px;"">Änderungen und Irrtümer in Bild und Text vorbehalten.</span><br>
	</p>
</div><div>
	<p><span style=""font-size: 10px;""></span>
	</p>
	<p><br>
	</p>
	<p><br>
	</p>
</div><div>
</div>";;Fahrrad / E Bike;Fahrrad;;https://dqzrr9k4bjpzk.cloudfront.net/images/95115/898477157.jpg;0.00;2 590.0;2 590.0;3599.00;1;yes;0.00;no;;;;Unser Turbo Levo HT Comp 6Fattie leistet zunächst genau das, wofür unsere Hardtails bekannt sind: ein agiles, direktes Handling gepaart mit top Effizienz für viel Speed. Sensationelle Schnäppchen bei Ginzinger Fahrrad. Hol Dir jetzt dein passendes Fahrrad bei Zweirad Ginzinger in Ried.;https://www.shop.ginzinger.at/#!/Specialized-LEVO-HT-Comp-6-Fatty-MY16-17/p/114694434;114694434
Specialized S-WORKS Stumpjumper HT - MY 15 (Demobike);97116-0203;"<h3>Top Zustand und absolutes Edelbike. Der Preis ist heiß.</h3><p>Aktuelle Bilder sind in der Übersicht. Testrad mit Gebrauchsspuren ca. 1.800 km.
</p><p>[tab name=""Beschreibung""]<br>Expert Carbon WC als herzerfrischender Individualist mit Traum-Handling, top Race-Geometrie und teils „speziellen“ Parts.<br><br>
</p><p><strong></strong>
</p><h4><strong>Rahmen</strong><br></h4><ul>
	<li>FACT Carbon</li>
	<li>Konifiziertes Steuerrohr</li>
	<li>Innenverlegte Züge</li>
	<li>142+ Hinterbau</li>
	<li>Steckachse</li>
</ul><strong>Gabel</strong><ul>
	<li>90 mm Federweg</li>
	<li>einstellbare Dämpfung / Lockout / Plattform</li>
	<li>Brain System</li>
	<li>Rock Shox RS1</li>
	<li>Steckachse / QR Steckachse</li>
</ul><strong>Anbauteile</strong><ul>
	<li>Roval Laufradsatz mit Karbonfelgen</li>
	<li>Karbon-Kurbel</li>
	<li>Schlanker ist Schneller</li>
	<li>Command Post XCP Sattelstütze</li>
	<li>SWAT Technologie kompatibel</li>
	<li>22 Gang Antrieb</li>
</ul><h4>[tab name=""Daten""]<br></h4><h4>Daten</h4><table class=""ecwid-description-table"">
<tbody>
<tr>
	<td>Rahmen
	</td>
	<td>FACT 11m carbon, 29 geometry, FACT IS construction, tapered headtube, carbon PF30 BB, full internal shift/brake routing, 142mm dropouts, PM 160 rear brake, replaceable alloy rear derailleur hanger
	</td>
</tr>
<tr>
	<td>Rahmenmaterial
	</td>
	<td>Carbon
	</td>
</tr>
<tr>
	<td>Steuersatz
	</td>
	<td>1-1/8 and 1-1/2 threadless, Campy style upper with 1-1/2 lower, cartridge bearings
	</td>
</tr>
<tr>
	<td>Gabel
	</td>
	<td>Custom RockShox RS-1 Brain, Solo Air spring, tapered carbon steerer, top-mount BrainFade, rebound adjust, 15mm thru-axle, S: 80mm travel, Others: 90mm
	</td>
</tr>
<tr>
	<td>Federweg vorn
	</td>
	<td>90 mm
	</td>
</tr>
<tr>
	<td>Laufradgröße
	</td>
	<td>29
	</td>
</tr>
<tr>
	<td>Felgen
	</td>
	<td>Roval Control SL 29, carbon disc, 22mm internal width, 24h/28h
	</td>
</tr>
<tr>
	<td>Felgenmaterial
	</td>
	<td>Carbon
	</td>
</tr>
<tr>
	<td>Nabe vorn
	</td>
	<td>Roval Control SL 29, alloy hub body w/ Torque Tube, 15mm thru-axle, 24h
	</td>
</tr>
<tr>
	<td>Nabe hinten
	</td>
	<td>Roval Control SL 29 142+, DT Swiss Star Ratchet, 12mm thru-axle, 28h
	</td>
</tr>
<tr>
	<td>Speichen
	</td>
	<td>DT Swiss Revolution
	</td>
</tr>
<tr>
	<td>Laufradsatz
	</td>
	<td>Roval Control SL 29
	</td>
</tr>
<tr>
	<td>Reifen vorn
	</td>
	<td>S-Works Fast Trak, 120TPI, 2Bliss Ready, folding bead, 29x2.2
	</td>
</tr>
<tr>
	<td>Reifen hinten
	</td>
	<td>S-Works Fast Trak, 120TPI, 2Bliss Ready, folding bead, 29x2.0
	</td>
</tr>
<tr>
	<td>Schläuche
	</td>
	<td>Ultralight, presta valve
	</td>
</tr>
<tr>
	<td>Bremse vorn
	</td>
	<td>Shimano XTR, hydraulic disc, Ice Tech Ti-metal pad, Ice Tech rotor, S/M: 180mm rotor, Others: 160mm
	</td>
</tr>
<tr>
	<td>Bremse hinten
	</td>
	<td>Shimano XTR, hydraulic disc, Ice Tech Ti-metal pad, 160mm Ice Tech rotor
	</td>
</tr>
<tr>
	<td>Bremshebel
	</td>
	<td>Shimano XTR, carbon lever, I-spec compatible
	</td>
</tr>
<tr>
	<td>Kurbelsatz
	</td>
	<td>Shimano XTR, Hollowtech, 11-speed, 36/26
	</td>
</tr>
<tr>
	<td>Pedale
	</td>
	<td>Resin test ride, w/ toe clips, CEN std.
	</td>
</tr>
<tr>
	<td>Innenlager
	</td>
	<td>Praxis, PF30, OS press-in bearings, sealed cartridge
	</td>
</tr>
<tr>
	<td>Kette
	</td>
	<td>Shimano XTR, 11-speed
	</td>
</tr>
<tr>
	<td>Kassette
	</td>
	<td>Shimano XTR, 11-speed, 11-40
	</td>
</tr>
<tr>
	<td>Umwerfer
	</td>
	<td>Shimano XTR, down swing, dual-pull
	</td>
</tr>
<tr>
	<td>Schaltwerk
	</td>
	<td>Shimano XTR Shadow Plus, 11-speed, GS mid cage
	</td>
</tr>
<tr>
	<td>Schalthebel
	</td>
	<td>Shimano XTR, 11-speed
	</td>
</tr>
<tr>
	<td>Vorbau
	</td>
	<td>Syntace F109, 6-degree rise
	</td>
</tr>
<tr>
	<td>Lenker
	</td>
	<td>Specialized flat, carbon, 8-degree backsweep, 31.8mm
	</td>
</tr>
<tr>
	<td>Griffe
	</td>
	<td>Specialized Sip Grip, light lock-on, half-waffle, S/M: regular thickness, Others: XL
	</td>
</tr>
<tr>
	<td>Sattel
	</td>
	<td>Body Geometry Phenom Pro, carbon rails, 143mm
	</td>
</tr>
<tr>
	<td>Sattelstütze
	</td>
	<td>Command Post XCP, carbon lower tube, 2-position height adjustable, internal routing, 35mm travel, 27.2mm
	</td>
</tr>
<tr>
	<td>Sattelstützenklemme
	</td>
	<td>Specialized 7050 alloy, single Ti bolt, 31.8mm
	</td>
</tr>
<tr>
	<td>Einsatzzweck
	</td>
	<td>MTB|XC-Race & Marathon
	</td>
</tr>
<tr>
	<td>Schaltung/Antrieb
	</td>
	<td>Kettenschaltung
	</td>
</tr>
<tr>
	<td>Übersetzung
	</td>
	<td>2 x 11
	</td>
</tr>
<tr>
	<td>Bauart
	</td>
	<td>Hardtail (mit Federgabel)
	</td>
</tr>
<tr>
	<td>Marke
	</td>
	<td>Specialized
	</td>
</tr>
<tr>
	<td>Modelljahr
	</td>
	<td>2015
	</td>
</tr>
<tr>
	<td>Farbbezeichnung
	</td>
	<td>Satin Carbon/White
	</td>
</tr>
<tr>
	<td>Geschlecht
	</td>
	<td>Men
	</td>
</tr>
</tbody>
</table><h4>[tab name=""Größen""]<span></span><br></h4><p><strong><span style=""font-size: 18px;""></span></strong><strong><span style=""font-size: 18px;"">Größen</span></strong>
</p><div>S / 39,4 cm
</div><div>M / 43,4 cm
</div><div>L / 47 cm
</div><div>XL / 50,5 cm
</div><p>[endtab]</p><p><span style=""font-size: 10px;"">Technische Änderungen und Irrtümer in Bild und Text vorbehalten.</span>
</p>";;Fahrrad / Mountainbike;Fahrrad;;https://dqzrr9k4bjpzk.cloudfront.net/images/95115/898644727.jpg;0.00;3 500.0;3 500.0;8700.00;1;yes;0.00;no;;;Specialized S-WORKS Stumpjumper HT - MY 15 (Demobike);"Mountainbike Hardtail mit Top -Komponenten zum halben Preis! 
Eine Gelegenheit in Rahmengröße M. Probefahrt ist möglich bei Ginzinger Fahrrad in Ried/Innkreis. Schnäppchen  und Angebote findest Du hier online. 
Expert Carbon WC als herzerfrischender Individualist mit Traum-Handling, top Race-Geometrie und teils „speziellen“ Parts.";https://www.shop.ginzinger.at/#!/Specialized-S-WORKS-Stumpjumper-HT-MY-15-Demobike/p/114654727;114654727
Testartikel für den internen Gebrauch;22;"<p>[tab name=""Beschreibung""]
</p><p>Modell 2018 <br>
</p><hr><p>Motor:
</p><p>Bosch Performance Cruise Akku: Integrierter Bosch PowerTube mit 500 Wh Display: Bosch Purion mit Schiebehilfe Schaltung: 9 Gang Shimano Alivio Laufrad: 28“ 2 Farben: limegreen matt und magicblack matt <br>
	[tab name=""Video""]
</p><div class=""video-container"">
	<iframe src=""https://www.youtube-nocookie.com/embed/E3mQpk4ZLpI?rel=0"" frameborder=""0"" width=""560"" height=""315""><span id=""selection-marker-1"" class=""redactor-selection-marker""></span> </ iframe></ div>
	<span id=""selection-marker-1"" class=""redactor-selection-marker""></span>
	</iframe>
</div><hr>[tab name=""Techn. Daten""]<p><br></p>
<table class=""color ecwid-description-table"">
<tbody>
<tr>
	<td>Motor
	</td>
	<td>Bosch Performance Cruise, 36 V / 250 W
	</td>
</tr>
<tr>
	<td>Display
	</td>
	<td>Bosch Purion, LCD Display mit Schiebehilfe
	</td>
</tr>
<tr>
	<td>Batterie
	</td>
	<td>Bosch PowerTube Li-Ionen 36 V, 13,4 Ah (500 Wh)
	</td>
</tr>
<tr>
	<td>Reichweite
	</td>
	<td>bis zu 150 km
	</td>
</tr>
<tr>
	<td>Ladegerät
	</td>
	<td>Bosch, 4A
	</td>
</tr>
<tr>
	<td>Schaltung
	</td>
	<td>9-G Shimano Alivio
	</td>
</tr>
<tr>
	<td>Schalthebel
	</td>
	<td>Shimano Acera M3000
	</td>
</tr>
<tr>
	<td>Tretlager
	</td>
	<td>Concept
	</td>
</tr>
<tr>
	<td>Zahnkranz
	</td>
	<td>Shimano HG200
	</td>
</tr>
<tr>
	<td>Bremsen
	</td>
	<td>Tektro T285, hydraulische Scheibenbremse
	</td>
</tr>
<tr>
	<td>Bremsscheiben
	</td>
	<td>vorne: 180 mm, hinten: 160 mm
	</td>
</tr>
<tr>
	<td>Scheinwerfer
	</td>
	<td>Herrmans H-Black MR8, LED
	</td>
</tr>
<tr>
	<td>Rücklicht
	</td>
	<td>AXA Blueline, LED
	</td>
</tr>
<tr>
	<td>Rahmen
	</td>
	<td>Integrale 0.5, Aluminium
	</td>
</tr>
<tr>
	<td>Gabel
	</td>
	<td>SR Suntour NEX E25, blockierbar
	</td>
</tr>
<tr>
	<td>Vorbau
	</td>
	<td>Concept EX, einstellbar
	</td>
</tr>
<tr>
	<td>Lenker
	</td>
	<td>Concept EX Ergo Riser, Concept EX Riser
	</td>
</tr>
<tr>
	<td>Sattel
	</td>
	<td>Selle Royal Essenza
	</td>
</tr>
<tr>
	<td>Sattelstütze
	</td>
	<td>Concept SL
	</td>
</tr>
<tr>
	<td>Pedale
	</td>
	<td>Urban, mit rutschhemmender Beschichtung und Reflektor
	</td>
</tr>
<tr>
	<td>Felgen
	</td>
	<td>Rodi Blackrock, geöst
	</td>
</tr>
<tr>
	<td>Naben
	</td>
	<td>Shimano FH-M475, mit Schnellspanner
	</td>
</tr>
<tr>
	<td>Bereifung
	</td>
	<td>Schwalbe Energizer Plus Tour, 47-622
	</td>
</tr>
<tr>
	<td>Schutzblech
	</td>
	<td>Kunststoff, mit Kantenschutz
	</td>
</tr>
<tr>
	<td>Gepäckträger
	</td>
	<td>Racktime Systemgepäckträger
	</td>
</tr>
<tr>
	<td>Ständer
	</td>
	<td>Hinterbauständer, einstellbar
	</td>
</tr>
<tr>
	<td>Zulässiges Gesamtgewicht
	</td>
	<td>130 kg
	</td>
</tr>
</tbody>
</table>[endtab]";;Fahrrad / E Bike;Fahrrad;;https://dqzrr9k4bjpzk.cloudfront.net/images/95115/892585088.jpg;25.00;2 250.0;2 250.0;2699.00;11;no;0.00;no;;;;;https://www.shop.ginzinger.at/#!/Testartikel-für-den-internen-Gebrauch/p/114768670;114768670
Test deaktivieren;30;"<p>[powr-tabs id=1f9a68ec_1536138968]</p><p>Die Izalco Donna ist für Frauen gedacht, die großen Wert auf Komfort legen, aber keine Kompromisse bei der Leistung machen wollen. Professionelle Rennfahrer sind sich einig, dass die Kontaktpunkte der Izalco Donna wie Sattel, Lenker, Kurbelhebel perfekt auf die weibliche Ergonomie zugeschnitten sind.
</p><div><br>
</div><div>EIGENSCHAFTEN
</div><div>Speziell für Damen: der Izalco Ergoride Rahmen
</div><div>Shimano 105 Verschiebungsgruppe
</div><div>Fulcrum WH-CEX 6.5 Laufradsatz
</div><div>Focus CRF T4 Carbon
</div><div>Rahmen: Izalco Ergoride Carbon
</div><div>Gabel: Focus CRF T4 Carbon<br>
</div><p>Innenlager: PF30<br>
</p><div>Bremsen: Concept EX<br>
</div><div>Kassette: Shimano 105<br>
</div><p>Kette: Shimano 105<br>
</p><p>Kettensatz: FSA Energy Focus 50/34<br>
</p><p>Umwerfer: Shimano 105<br>
</p><p>Lenker: FSA Wing Comp<br>
</p><p>Pedale: N / A<br>
</p><p>Schaltwerk: Shimano 105<br>
</p><p>Sattel: Concept EX<br>Sattelstütze: Concept EX
</p><p>Schalthebel: Shimano 105<br>Vorbau: Concept EX
</p><p>Reifen: Schwalbe Lugano
</p><p>Räder: Fulcrum WH-CEX 6.5<br>
</p>";;Fahrrad / Rennrad;Fahrrad;;https://dqzrr9k4bjpzk.cloudfront.net/images/95115/892252465.jpg;9.00;825;990.0;1699.00;;no;0.00;no;;;;;https://www.shop.ginzinger.at/#!/Test-deaktivieren/p/114778582;114778582
Testfahrrad;21;"<p>[powr-tabs id=1f9a68ec_1536138968]</p><p>Die Izalco Donna ist für Frauen gedacht, die großen Wert auf Komfort legen, aber keine Kompromisse bei der Leistung machen wollen. Professionelle Rennfahrer sind sich einig, dass die Kontaktpunkte der Izalco Donna wie Sattel, Lenker, Kurbelhebel perfekt auf die weibliche Ergonomie zugeschnitten sind.
</p><div><br>
</div><div>EIGENSCHAFTEN
</div><div>Speziell für Damen: der Izalco Ergoride Rahmen
</div><div>Shimano 105 Verschiebungsgruppe
</div><div>Fulcrum WH-CEX 6.5 Laufradsatz
</div><div>Focus CRF T4 Carbon
</div><div>Rahmen: Izalco Ergoride Carbon
</div><div>Gabel: Focus CRF T4 Carbon<br>
</div><p>Innenlager: PF30<br>
</p><div>Bremsen: Concept EX<br>
</div><div>Kassette: Shimano 105<br>
</div><p>Kette: Shimano 105<br>
</p><p>Kettensatz: FSA Energy Focus 50/34<br>
</p><p>Umwerfer: Shimano 105<br>
</p><p>Lenker: FSA Wing Comp<br>
</p><p>Pedale: N / A<br>
</p><p>Schaltwerk: Shimano 105<br>
</p><p>Sattel: Concept EX<br>Sattelstütze: Concept EX
</p><p>Schalthebel: Shimano 105<br>Vorbau: Concept EX
</p><p>Reifen: Schwalbe Lugano
</p><p>Räder: Fulcrum WH-CEX 6.5<br>
</p>";;Fahrrad / Rennrad;Fahrrad;;https://dqzrr9k4bjpzk.cloudfront.net/images/95115/892252465.jpg;9.00;825;990.0;1699.00;;no;0.00;no;;;;;https://www.shop.ginzinger.at/#!/Testfahrrad/p/114768663;114768663
Testrad3;27;"<p>Unser Turbo Levo HT Comp 6Fattie leistet zunächst genau das, wofür unsere Hardtails bekannt sind: ein agiles, direktes Handling gepaart mit top Effizienz für viel Speed. Letzteres wird beim Levo HT einfach noch größer geschrieben. Die stabil und formschön in den Rahmen integrierte Turbo-Technologie sorgt nämlich dafür, dass du müheloser und zügiger oben bist, deinen Lieblingstrail in der gleichen Zeit zweimal fährst oder entspannt neues Terrain entdeckst. Zu den Fakten: Die hochwertige und bestens geschützte Batterie ist nicht nur vollständig in das Unterrohr integriert, sie sorgt zudem für eine optimale Gewichtsverteilung. Obendrein ist sie leicht zu entnehmen und intern wie extern aufladbar. Die Leistung lässt sich über unser dezent im Rahmen integriertes Trail-Display per Knopfdruck in drei Stufen variieren, der Ladestand wird über LEDs angezeigt. Lade dir die Mission Control App (iOS oder Android) bzw. die Connect IQ App für bestimmte Garmin Geräte herunter, um detailliertere Angaben zu sehen, Strecken und Verbrauch zu planen oder weitere Einstellungen vorzunehmen. Zudem kannst du jedes mit ANT+ kompatible Gerät verwenden, um genauen Aufschluss über den Ladestand zu bekommen oder sogar die Modi zu wechseln (bei Geräten mit LEV Protokoll). Ein Lenker-Remote zum Ändern der Modi ist nachrüstbar. Ergänzt wird dieses zukunftsweisende Konzept mit einer top Ausstattung, die mit dem Bike perfekt harmoniert: Die RockShox Revelation Reba RL Federgabel dämpft Unebenheiten effizient ab und erlaubt exakte Lenkimpulse. Bergab hast du mit kräftigen SRAM DB5 Scheibenbremsen alles sicher im Griff, die Gänge wählst du präzise mit einem SRAM GX Antrieb, der dank eines custom Kettenblattes aus robustem Stahl auf Langlebigkeit getrimmt ist.</p><div><div></div><div><ul><li>Rahmen aus hochfestem M5 Premium Aluminium mit 6Fattie Trail Geometrie für ein agiles und effizientes Fahrwerk mit überragenden Handling-Eigenschaften. Die Batterie ist dank Spezialmechanismus leicht entnehmbar und dennoch sicher sowie geräuschfrei in den Rahmen integriert. Der Motor ist in einem speziell geformten Schmiedeteil stabil und formschön integriert, die Positionierung begünstigt einen niedrigen Schwerpunkt. Die interne Kabelverlegung unterstreicht die hohe Produkt-Ästhetik und sorgt für hohen Schutz.</li><li>Die RockShox Reba RL mit perfekt abgestimmten 120 bzw. 100 mm Federweg kommt mit 15x110 mm Maxle Ultimate Steckachse und sorgt für überragende Kontrolle im Gelände.</li><li>Der exklusive Motor liefert dank custom-Tuning optimale Leistungsparameter und sorgt für eine kräftige, harmonische und geräuscharme Unterstützung. Die Spitzenleistung liegt bei 530 Watt und 90 Nm Drehmoment. Die vollständig in den Rahmen integrierte Lithium-Ionen Batterie liefert die nötige Energie, um selbst steile Ansteige leicht zu bewältigen. Dank einfacher Entnahme lässt sich die Batterie in ca. 3,5 Stunden sowohl intern als auch extern einfach laden. Der sehr hohe IP67 Standard schützt die Batterie effektiv gegen das Eindringen von Wasser und Schmutz.</li></ul><div><div><table class=""product__specs-section table-stacked no-headers ecwid-description-table""><tbody><tr><td>LADEGERÄT</td><td>Custom charger, 42V4A w/Rosenberger plug</td></tr><tr><td>LENKERFERNBEDIENUNG</td><td>Integrated Trail display, 10-LED battery display, Mission Control iOS/Android App</td></tr><tr><td>MOTOR</td><td>Custom & exclusive for Specialized, Trail tuned, 250 W</td></tr><tr><td>KABELBAUM</td><td>Custom harness w/ Rosenberger plug</td></tr></tbody></table></div></div><div><div><div>LAUFRÄDER</div></div><div><table class=""product__specs-section table-stacked no-headers ecwid-description-table""><tbody><tr><td>FELGEN</td><td>Roval Traverse 650b, hookless alloy, 38mm inner width, 24/28h, tubeless ready</td></tr><tr><td>VORDERREIFEN</td><td>Purgatory, GRID casing, 650bx3.0"", 60TPI, Aramid folding bead, 2Bliss Ready</td></tr><tr><td>HINTERREIFEN</td><td>Ground Control, GRID casing, 650bx3.0"", 60TPI, Aramid folding bead, 2Bliss Ready</td></tr><tr><td>SPEICHEN</td><td>DT Swiss Industry, stainless</td></tr><tr><td>SCHLÄUCHE</td><td>650bx2.3""/3.0"", 40mm Presta valve</td></tr><tr><td>VORDERRADNABE</td><td>Specialized disc, alloy, sealed cartridge bearings, 110x15mm thru-axle, 24h</td></tr><tr><td>HINTERRADNABE</td><td>Specialized disc, alloy, sealed cartridge bearings, 12x148mm thru-axle, 28h</td></tr></tbody></table></div></div><div><div><div>ZUBEHÖR</div></div><div><table class=""product__specs-section table-stacked no-headers ecwid-description-table""><tbody><tr><td>PEDALE</td><td>Alloy platform</td></tr></tbody></table></div></div><div><div><div>KURBELN & KETTENBLÄTTER</div></div><div><table class=""product__specs-section table-stacked no-headers ecwid-description-table""><tbody><tr><td>INNENLAGER</td><td>Integrated in motor</td></tr><tr><td>SCHALTWERK</td><td>SRAM GX, Type 2.1, long cage, 10-speed</td></tr><tr><td>KETTENBLÄTTER</td><td>32T</td></tr><tr><td>KASSETTE</td><td>Sunrace, 10-speed, 11-40t</td></tr><tr><td>KURBELGARNITUR</td><td>Custom alloy crankarms</td></tr><tr><td>SCHALTHEBEL</td><td>SRAM GX, 10-speed, trigger</td></tr><tr><td>KETTE</td><td>SRAM PC1031, 11-speed w/PowerLink</td></tr></tbody></table></div></div><div><div><div>COCKPIT & SITZEN</div></div><div><table class=""product__specs-section table-stacked no-headers ecwid-description-table""><tbody><tr><td>SATTELSTÜTZE</td><td>TranzX dropper, internal cable routing, remote lever, 30.9mm, S/M: 100mm, L/XL: 120mm travel</td></tr><tr><td>LENKER</td><td>Specialized, 6061 alloy, 6-degree upsweep, 8-degree backsweep, 27mm rise, 750mm width</td></tr><tr><td>LENKERGRIFFE</td><td>Specialized Sip Grip, light lock-on, half-waffle, S/M: regular thickness, L/XL: XL thickness</td></tr><tr><td>SATTEL</td><td>Body Geometry Henge Sport, steel rails, 143mm</td></tr><tr><td>VORBAU</td><td>Specialized, 3D-forged alloy, 4-bolt, 6-degree rise, 31.8mm clamp</td></tr></tbody></table></div></div><div><div><div>BREMSEN</div></div><div><table class=""product__specs-section table-stacked no-headers ecwid-description-table""><tbody><tr><td>HINTERRADBREMSE</td><td>SRAM DB5, hydraulic disc, 2-piston caliper, semi-organic pads, 200mm rotor</td></tr><tr><td>VORDERRADBREMSE</td><td>SRAM DB5, hydraulic disc, custom 4-piston caliper, semi-organic pads, 200mm rotor</td></tr></tbody></table></div></div><div><div><div>RAHMEN</div></div><div><table class=""product__specs-section table-stacked no-headers ecwid-description-table""><tbody><tr><td>SATTELSTÜTZKLEMME</td><td>Alloy, 34.9mm</td></tr><tr><td>GABEL</td><td>RockShox Reba RL 29/27.5+, Fast Black uppers, Solo air, 15x110mm thru-axle, 100/120mm travel (frame size specific)</td></tr><tr><td>RAHMEN</td><td>Specialized M5 Premium Aluminum, Trail HT Geometry, integrated down tube battery, enclosed internal cable and Command Post IR routing, 148mm spacing</td></tr></tbody></table></div></div><p>* Spezifikationen sind aufgrund von Modifikationen oder Verbesserungen Anderungen vorbehalten</p></div></div><div></div>";;Fahrrad / E Bike;Fahrrad;;https://dqzrr9k4bjpzk.cloudfront.net/images/95115/892599320.jpg;0.00;2158+J33;2 590.0;3599.00;1;no;0.00;no;;;;;https://www.shop.ginzinger.at/#!/Testrad3/p/114768673;114768673
